{"mean":{"confidence_interval":{"confidence_level":0.95,"lower_bound":1.1903489766399922,"upper_bound":1.2093902722679055},"point_estimate":1.1987411843288762,"standard_error":0.00489104775679115},"median":{"confidence_interval":{"confidence_level":0.95,"lower_bound":1.1792706247137055,"upper_bound":1.1879532299424869},"point_estimate":1.1818671321431578,"standard_error":0.0020136152440406443},"median_abs_dev":{"confidence_interval":{"confidence_level":0.95,"lower_bound":0.008559906410778775,"upper_bound":0.020417613103473717},"point_estimate":0.01446205287228845,"standard_error":0.0030182363798745035},"slope":{"confidence_interval":{"confidence_level":0.95,"lower_bound":1.1913500384437212,"upper_bound":1.2062405054469927},"point_estimate":1.1985294734565854,"standard_error":0.003798957044460441},"std_dev":{"confidence_interval":{"confidence_level":0.95,"lower_bound":0.0256445673858444,"upper_bound":0.07289833381992983},"point_estimate":0.049194146162405014,"standard_error":0.013394269428694606}}