{"mean":{"confidence_interval":{"confidence_level":0.95,"lower_bound":1.6435109268672787,"upper_bound":1.794243438460143},"point_estimate":1.7134876562620933,"standard_error":0.038622422806162134},"median":{"confidence_interval":{"confidence_level":0.95,"lower_bound":1.5483896272069906,"upper_bound":1.628787743738609},"point_estimate":1.5837146302693283,"standard_error":0.020517523263283616},"median_abs_dev":{"confidence_interval":{"confidence_level":0.95,"lower_bound":0.11783165444178502,"upper_bound":0.2139456744133575},"point_estimate":0.1664214483222323,"standard_error":0.024479762541843603},"slope":{"confidence_interval":{"confidence_level":0.95,"lower_bound":1.6250045136284803,"upper_bound":1.7439502667368363},"point_estimate":1.6796882972372364,"standard_error":0.030421796049171154},"std_dev":{"confidence_interval":{"confidence_level":0.95,"lower_bound":0.25472850743408,"upper_bound":0.5106274534737418},"point_estimate":0.38608526953882405,"standard_error":0.06625597697532724}}