{"mean":{"confidence_interval":{"confidence_level":0.95,"lower_bound":1.667195785836805,"upper_bound":1.7058608291339874},"point_estimate":1.683178806573234,"standard_error":0.010080171976740208},"median":{"confidence_interval":{"confidence_level":0.95,"lower_bound":1.6546157337983518,"upper_bound":1.6627770513451898},"point_estimate":1.6575995155955559,"standard_error":0.0017661165757871843},"median_abs_dev":{"confidence_interval":{"confidence_level":0.95,"lower_bound":0.012162101758173638,"upper_bound":0.02293487170875064},"point_estimate":0.019091849413957772,"standard_error":0.0027336381388219544},"slope":{"confidence_interval":{"confidence_level":0.95,"lower_bound":1.6596088874499713,"upper_bound":1.676829600694546},"point_estimate":1.6672896014209382,"standard_error":0.004433916220615882},"std_dev":{"confidence_interval":{"confidence_level":0.95,"lower_bound":0.03561204176161795,"upper_bound":0.16083556181509073},"point_estimate":0.1008924910744237,"standard_error":0.03855486974799082}}