{"mean":{"confidence_interval":{"confidence_level":0.95,"lower_bound":2.9190071016794574,"upper_bound":3.084850049972608},"point_estimate":2.993184215014919,"standard_error":0.04266822639682344},"median":{"confidence_interval":{"confidence_level":0.95,"lower_bound":2.811845073839761,"upper_bound":2.87192232500337},"point_estimate":2.8325461399664253,"standard_error":0.016291960288817058},"median_abs_dev":{"confidence_interval":{"confidence_level":0.95,"lower_bound":0.04825985400974787,"upper_bound":0.17998804169096375},"point_estimate":0.08103559854552583,"standard_error":0.03439859601374478},"slope":{"confidence_interval":{"confidence_level":0.95,"lower_bound":2.9090399822266693,"upper_bound":3.0173440629752535},"point_estimate":2.96105673069907,"standard_error":0.02762903282904206},"std_dev":{"confidence_interval":{"confidence_level":0.95,"lower_bound":0.21102195518772404,"upper_bound":0.6151621150969948},"point_estimate":0.42781106630794546,"standard_error":0.107115666096594}}